[[{"__type__":"cc.Prefab","_name":"grass","data":{"__id__":1}},{"__type__":"cc.Node","_name":"grass","_level":1,"_components":[{"__type__":"cc.Sprite","node":{"__id__":1},"_materials":[{"__uuid__":"ecpdLyjvZBwrvm+cedCcQy"}],"_spriteFrame":{"__uuid__":"a2MjXRFdtLlYQ5ouAFv/+R"},"_sizeMode":0},{"__type__":"cc.Animation","node":{"__id__":1},"_defaultClip":{"__uuid__":"c6oXhXbpVMJ6xOqLwcejrk"},"_clips":[{"__uuid__":"c6oXhXbpVMJ6xOqLwcejrk"}],"playOnLoad":true},{"__type__":"29f4ef6LchGgbwKyiQ2mUBb","node":{"__id__":1}}],"_prefab":{"__type__":"cc.PrefabInfo","root":{"__id__":1},"asset":{"__uuid__":"051sNu2MxFL68kjVOTzxgi"},"fileId":"c2CAp3MfZGh43Kju8qugsj"},"_color":{"__type__":"cc.Color","r":114,"g":226,"b":61},"_position":{"__type__":"cc.Vec3","x":255.413,"y":420.84}}],[{"__type__":"cc.SceneAsset","_name":"main","scene":{"__id__":1},"asyncLoadAssets":null},{"__type__":"cc.Scene","_name":"New Node","_children":[{"__id__":2}],"_active":false,"_anchorPoint":{"__type__":"cc.Vec2"},"autoReleaseAssets":false},{"__type__":"cc.Node","_name":"Canvas","_parent":{"__id__":1},"_children":[{"__id__":3},{"__id__":5}],"_level":1,"_components":[{"__type__":"cc.Canvas","node":{"__id__":2},"_designResolution":{"__type__":"cc.Size","width":640,"height":480}},{"__type__":"99665PDy4JE/7HPWINfKAbj","node":{"__id__":2},"audioSource":{"__id__":6},"player":{"__id__":4},"tail_block":{"__uuid__":"82klE9VPJLXIFCbzGHOm/1"},"grass":{"__uuid__":"051sNu2MxFL68kjVOTzxgi"},"path":{"__uuid__":"adrcRV9ABP1IhQmnpKHCj3"},"flower":{"__uuid__":"d7riB98hBMsL4ALM5X776y"}},{"__id__":6}],"_contentSize":{"__type__":"cc.Size","width":640,"height":480},"_position":{"__type__":"cc.Vec3","x":320,"y":240},"_id":"7dbx+dGy9ImLMylZ/NKLGZ"},{"__type__":"cc.Node","_name":"Main Camera","_parent":{"__id__":2},"_level":2,"_components":[{"__type__":"cc.Camera","node":{"__id__":3},"_clearFlags":7,"_depth":-1},{"__type__":"2b426HUFhRIBYT0wJwvyx4y","node":{"__id__":3},"player":{"__id__":4}}],"_eulerAngles":{"__type__":"cc.Vec3","z":45}},{"__type__":"cc.Sprite","node":{"__id__":5},"_materials":[{"__uuid__":"ecpdLyjvZBwrvm+cedCcQy"}],"_spriteFrame":{"__uuid__":"a2MjXRFdtLlYQ5ouAFv/+R"},"_sizeMode":0},{"__type__":"cc.Node","_name":"player","_parent":{"__id__":2},"_level":2,"_components":[{"__id__":4},{"__type__":"375fcd5jRVB0q6P+m/zC1J1","node":{"__id__":5}}],"_contentSize":{"__type__":"cc.Size","width":30,"height":30},"_position":{"__type__":"cc.Vec3","y":-39}},{"__type__":"cc.AudioSource","node":{"__id__":2},"_clip":{"__uuid__":"e3t97d8XJBWJQJnviKA8es"}}],[{"__type__":"cc.Prefab","_name":"Tail","data":{"__id__":1}},{"__type__":"cc.Node","_name":"Tail","_level":2,"_components":[{"__type__":"cc.Sprite","node":{"__id__":1},"_materials":[{"__uuid__":"ecpdLyjvZBwrvm+cedCcQy"}],"_spriteFrame":{"__uuid__":"a2MjXRFdtLlYQ5ouAFv/+R"},"_sizeMode":0},{"__type__":"a057e3eiN1BkYYwHWIB8jjw","node":{"__id__":1}}],"_prefab":{"__type__":"cc.PrefabInfo","root":{"__id__":1},"asset":{"__uuid__":"82klE9VPJLXIFCbzGHOm/1"},"fileId":"39RppHdBtF7KgA24lImI7K"},"_contentSize":{"__type__":"cc.Size","width":30,"height":30},"_position":{"__type__":"cc.Vec3","y":-65.886}}],{"__type__":"cc.SpriteFrame","content":{"name":"default_sprite_splash","texture":"02delMVqdBD70a/HSD99FK","rect":[0,0,2,2],"offset":[0,0],"originalSize":[2,2],"capInsets":[0,0,0,0]}},[{"__type__":"cc.Prefab","_name":"path","data":{"__id__":1}},{"__type__":"cc.Node","_name":"path","_level":2,"_components":[{"__type__":"cc.Sprite","node":{"__id__":1},"_materials":[{"__uuid__":"ecpdLyjvZBwrvm+cedCcQy"}],"_spriteFrame":{"__uuid__":"a2MjXRFdtLlYQ5ouAFv/+R"},"_sizeMode":0}],"_prefab":{"__type__":"cc.PrefabInfo","root":{"__id__":1},"asset":{"__id__":0},"fileId":"1cyXsH/wFNsI1qxhui7nws"},"_color":{"__type__":"cc.Color","r":162,"g":162,"b":162},"_contentSize":{"__type__":"cc.Size","width":80,"height":80},"_position":{"__type__":"cc.Vec3","x":-2,"y":-186}}],{"__type__":"cc.AnimationClip","_name":"test","_duration":1,"curveData":{"props":{"scale":[{"frame":0,"value":{"__type__":"cc.Vec2"}},{"frame":1,"value":{"__type__":"cc.Vec2","x":1,"y":1}}]}}},[{"__type__":"cc.Prefab","_name":"flower","data":{"__id__":1}},{"__type__":"cc.Node","_name":"flower","_level":1,"_components":[{"__type__":"cc.Sprite","node":{"__id__":1},"_materials":[{"__uuid__":"ecpdLyjvZBwrvm+cedCcQy"}],"_spriteFrame":{"__uuid__":"a2MjXRFdtLlYQ5ouAFv/+R"},"_sizeMode":0},{"__type__":"cc.Animation","node":{"__id__":1},"_defaultClip":{"__uuid__":"c6oXhXbpVMJ6xOqLwcejrk"},"_clips":[{"__uuid__":"c6oXhXbpVMJ6xOqLwcejrk"}]},{"__type__":"29f4ef6LchGgbwKyiQ2mUBb","node":{"__id__":1}}],"_prefab":{"__type__":"cc.PrefabInfo","root":{"__id__":1},"asset":{"__uuid__":"d7riB98hBMsL4ALM5X776y"},"fileId":"62fkGmeyVD+Z9uO2jFThDN"},"_color":{"__type__":"cc.Color","r":223,"g":95,"b":95},"_position":{"__type__":"cc.Vec3","x":-78,"y":-125}}],{"__type__":"cc.AudioClip","_name":"Gwon Sun Hwon - Mozart： Sonata K.545 1st Movt","_native":".mp3"}]